myelinArea,axonArea,myelinEquivDiameter,axonEquivDiameter,gRatio,myelinThickness
7.84,3.26,3.759383,2.037342,0.5419351,0.8610206
1.83,1.06,1.918245,1.161737,0.6056253,0.3782536
3.15,0.65,2.199616,0.9097283,0.4135851,0.6449438
5.43,3.06,3.287827,1.973857,0.6003532,0.6569846
6.11,2.3,3.2723,1.711272,0.5229569,0.7805139
3.32,1.85,2.565667,1.534762,0.598192,0.5154529
1.7,1.24,1.934767,1.25651,0.6494372,0.3391287
1.09,1.19,1.703815,1.230916,0.722447,0.2364495
3.21,1.97,2.568147,1.583756,0.6166919,0.4921959
1.07,0.8,1.543035,1.009253,0.6540699,0.2668912
2.15,1.4,2.126029,1.335116,0.6279858,0.3954565
1.48,0.99,1.773387,1.122723,0.6330953,0.325332
4.53,2.79,3.052886,1.884765,0.6173714,0.5840607
1.6,1.36,1.941337,1.315905,0.6778345,0.3127159
2.44,1.78,2.317989,1.505445,0.649462,0.4062716
1.23,0.87,1.635177,1.052482,0.6436504,0.2913473
1.6,1.24,1.901578,1.25651,0.6607721,0.3225343
6.5,4.12,3.677201,2.290359,0.6228541,0.6934205
9.06,6.39,4.435262,2.852368,0.6431114,0.7914473
13.8,7.62,5.222336,3.114817,0.5964414,1.053759
1.74,1.32,1.973857,1.296409,0.6567896,0.3387242
7.4,3.36,3.701359,2.068353,0.5588091,0.8165029
6.5,2.79,3.439243,1.884765,0.5480173,0.7772393
2.54,1.35,2.225512,1.311058,0.5891042,0.4572267
1.11,0.82,1.567594,1.021791,0.6518208,0.2729018
2.28,1.7,2.251109,1.471226,0.6535562,0.3899415
2.13,1.81,2.239769,1.518079,0.6777838,0.3608449
10.72,6.35,4.661995,2.843426,0.609916,0.9092848
2.08,1.56,2.15281,1.409345,0.6546537,0.3717325
1.43,0.9,1.722396,1.070474,0.6215031,0.3259608
2.19,0.72,1.924871,0.9574615,0.497416,0.4837046
5.97,2.6,3.303281,1.819457,0.5508029,0.7419119
3.14,1.78,2.502866,1.505445,0.6014886,0.4987103
3.54,2.22,2.70811,1.681247,0.6208193,0.5134315
11.54,5.94,4.71765,2.750099,0.5829382,0.9837759
10.75,8.76,4.984065,3.339697,0.670075,0.8221838
8.09,5.66,4.184142,2.684499,0.6415889,0.7498214
3.32,2.27,2.667847,1.700075,0.6372458,0.4838864
1.13,0.86,1.591775,1.046416,0.6573894,0.2726794
8.62,3.94,3.998986,2.239769,0.5600842,0.8796085
6.64,2.56,3.422543,1.805407,0.5275044,0.8085683
18.44,10.88,6.109941,3.721941,0.6091615,1.194
4.49,2.53,2.989672,1.794797,0.6003323,0.5974377
2.78,1.98,2.461833,1.58777,0.6449546,0.4370313
6.22,2.76,3.381374,1.874604,0.5543913,0.7533848
9.68,3.52,4.099605,2.117027,0.5163977,0.9912891
3.96,2.46,2.859056,1.769794,0.6190134,0.544631
3.39,2.13,2.651091,1.646815,0.621184,0.5021378
3.23,0.99,2.317989,1.122723,0.4843523,0.5976328
5.73,3.62,3.450332,2.146888,0.6222265,0.6517221
1.57,1.35,1.928175,1.311058,0.6799476,0.3085585
2.54,0.96,2.111004,1.105581,0.5237229,0.5027114
1.78,1.1,1.914923,1.183454,0.6180165,0.3657345
2.18,2.15,2.348005,1.654529,0.7046529,0.3467382
1.3,1.04,1.726088,1.150725,0.6666667,0.2876813
1.13,0.87,1.595769,1.052482,0.6595453,0.2716435
7.37,2.45,3.535988,1.766193,0.4994906,0.8848976
2.09,1.48,2.13201,1.372733,0.6438679,0.3796385
1.71,1.46,2.009022,1.363426,0.6786515,0.3227981
1.14,0.97,1.639066,1.111325,0.6780233,0.2638704
1.23,0.64,1.543035,0.9027033,0.585018,0.320166
8.85,4.3,4.091834,2.339857,0.5718358,0.8759884
2.01,1.62,2.149851,1.436192,0.6680426,0.3568295
4.06,1.38,2.63181,1.325545,0.5036631,0.6531323
1.53,0.94,1.773387,1.094004,0.6169009,0.3396915
8.1,2.78,3.721941,1.881384,0.5054846,0.9202786
2.27,1.28,2.126029,1.276615,0.6004693,0.424707
7.4,3.23,3.678931,2.027946,0.5512323,0.8254929
7.92,3.16,3.755995,2.005851,0.5340399,0.8750719
3.16,2.36,2.651091,1.733449,0.6538625,0.458821
4.38,2.23,2.901054,1.685029,0.5808336,0.6080123
4.25,2.59,2.951094,1.815954,0.6153495,0.56757
1.95,1.22,2.009022,1.246336,0.6203693,0.3813432
11.27,8.67,5.03869,3.322497,0.659397,0.8580965
1.12,0.73,1.534762,0.9640876,0.6281676,0.285337
1.14,0.87,1.599754,1.052482,0.6579025,0.2736358
1.48,0.88,1.733449,1.058513,0.61064,0.3374678
0.68,0.53,1.241217,0.8214724,0.6618281,0.2098724
1.48,0.99,1.773387,1.122723,0.6330953,0.325332
6.52,3.49,3.570032,2.107986,0.590467,0.7310228
1.99,1.37,2.068353,1.320734,0.6385437,0.3738096
5.12,3.72,3.354913,2.176339,0.6487021,0.5892868
4.7,2.16,2.955406,1.658372,0.5611317,0.6485169
0.99,0.68,1.458187,0.9304853,0.638111,0.263851
2.59,1.48,2.276419,1.372733,0.6030228,0.4518433
2.36,1.19,2.126029,1.230916,0.5789744,0.4475564
2.37,1.47,2.211163,1.368087,0.6187184,0.4215378
6.75,4.67,3.813187,2.438448,0.6394777,0.6873696
2.06,0.9,1.941337,1.070474,0.5514109,0.4354312
2.88,1.58,2.382992,1.418351,0.5951975,0.4823205
1.51,1.18,1.85068,1.225734,0.6623154,0.312473
1,1.01,1.599754,1.134007,0.7088635,0.2328733
1.84,1.46,2.049803,1.363426,0.6651498,0.3431884
0.87,0.85,1.479855,1.040314,0.7029837,0.2197706
8.11,4.15,3.950939,2.298683,0.5818068,0.8261278
1.32,1.05,1.737118,1.156245,0.665611,0.2904366
2.36,1.47,2.208282,1.368087,0.6195257,0.4200972
3.34,1.53,2.490116,1.395728,0.5605072,0.5471939
1.89,1.18,1.97708,1.225734,0.6199716,0.3756732
11.2,12.91,5.54056,4.054321,0.7317529,0.7431195
1.28,0.76,1.611648,0.9836981,0.610368,0.3139748
1.2,0.89,1.631279,1.064511,0.6525621,0.2833841
2.49,2.24,2.454063,1.688803,0.6881663,0.3826297
12.75,6.02,4.88863,2.768556,0.5663255,1.060037
7.42,4.23,3.851395,2.320733,0.6025696,0.7653307
1.7,1.12,1.894871,1.194164,0.6302088,0.3503533
1.47,1.09,1.805407,1.178062,0.6525192,0.3136721
2.94,1.33,2.33168,1.30131,0.5580998,0.515185
16.38,6.25,5.367812,2.820948,0.5255303,1.273432
3.96,2.08,2.773151,1.627372,0.5868312,0.5728898
0.7,0.66,1.315905,0.9166996,0.6966305,0.1996027
0.95,0.87,1.522267,1.052482,0.6913913,0.2348923
5.7,2.93,3.314824,1.931474,0.5826777,0.6916749
6.32,3.48,3.532386,2.104964,0.5959044,0.7137108
8.69,5.04,4.181098,2.533205,0.6058708,0.8239465
1.41,0.91,1.718696,1.076405,0.6262918,0.3211454
3.26,2.09,2.609949,1.631279,0.6250234,0.4893349
7.01,2.91,3.553946,1.924871,0.541615,0.8145379
9.47,8.17,4.739192,3.22527,0.6805527,0.7569611
1.41,0.8,1.677456,1.009253,0.6016569,0.3341016
4.81,2.02,2.948936,1.603728,0.5438327,0.6726042
3.68,2.1,2.712807,1.635177,0.6027618,0.5388154
1.22,0.99,1.677456,1.122723,0.669301,0.2773666
3.54,2.5,2.773151,1.784124,0.6433563,0.4945135
2.21,1.92,2.293138,1.563528,0.6818292,0.3648047
0.94,0.82,1.496964,1.021791,0.6825753,0.2375867
1.92,1.1,1.960914,1.183454,0.6035216,0.3887299
2.09,1.33,2.086739,1.30131,0.6236095,0.3927143
4.08,2.36,2.863505,1.733449,0.6053591,0.5650281
2.92,2.11,2.53069,1.639065,0.6476752,0.4458125
5.19,2.34,3.096368,1.726088,0.5574558,0.6851398
2.49,2.14,2.427983,1.650676,0.6798552,0.388653
1.21,1.02,1.685029,1.139607,0.6763129,0.2727112
4.18,2.61,2.940289,1.822952,0.6199909,0.5586681
11.09,7.53,4.869058,3.096368,0.6359276,0.8863449
1.27,1.03,1.711272,1.14518,0.6691981,0.2830459
5.68,2.32,3.191538,1.718696,0.5385165,0.7364211
9.8,8.4,4.81383,3.270353,0.6793662,0.7717383
11.19,10.13,5.210131,3.591367,0.6893045,0.8093821
2.42,1.49,2.231225,1.377362,0.617312,0.4269316
5.16,3.7,3.358705,2.170481,0.6462254,0.5941123
3.6,1.82,2.626968,1.522267,0.5794768,0.5523505
1.17,0.76,1.567594,0.9836981,0.6275208,0.2919481
1.36,1.12,1.776973,1.194164,0.6720215,0.2914045
4.32,2.37,2.918557,1.737118,0.5951975,0.5907195
3.74,1.94,2.689238,1.57165,0.5844222,0.5587938
9.17,9.54,4.880811,3.485212,0.7140642,0.6977992
1.63,1,1.829924,1.128379,0.6166264,0.3507722
9.2,2.43,3.848087,1.758969,0.4571022,1.044559
3.15,2.06,2.575573,1.619529,0.6288032,0.4780223
7.96,3.61,3.838148,2.14392,0.558582,0.8471138
3.66,2.34,2.763953,1.726088,0.6244998,0.5189325
2.13,1.89,2.262393,1.551265,0.6856743,0.3555642
4.24,1.96,2.809641,1.579731,0.5622535,0.6149552
2.33,1.39,2.176339,1.330339,0.611274,0.4229997
2.37,2.19,2.409559,1.669849,0.6930102,0.3698549
1.98,1.25,2.027946,1.261566,0.6220908,0.3831897
11.8,8.11,5.034898,3.213405,0.6382264,0.9107466
1.41,1.09,1.784124,1.178062,0.6603029,0.3030308
1.69,0.83,1.791246,1.028002,0.5739034,0.381622
2.7,2.06,2.461833,1.619529,0.6578549,0.421152
1.55,1.17,1.86097,1.220529,0.655856,0.3202209
7.35,1.98,3.44664,1.58777,0.460672,0.9294347
1.31,0.83,1.650676,1.028002,0.6227764,0.311337
7.67,2.14,3.534187,1.650676,0.4670597,0.9417554
1.19,1.16,1.729772,1.215302,0.7025788,0.2572355
4.28,3.02,3.048713,1.960914,0.6431941,0.5438994
1.7,1.26,1.941337,1.266603,0.6524383,0.3373672
1.89,0.74,1.829924,0.9706684,0.5304421,0.4296275
2.37,1.77,2.295912,1.501211,0.6538625,0.3973506
1.38,0.88,1.696326,1.058513,0.6240036,0.3189062
3.05,1.07,2.290359,1.167204,0.5096163,0.5615775
1.28,1.06,1.726088,1.161737,0.6730464,0.2821754
3.28,1.59,2.490116,1.422832,0.5713919,0.5336418
3.8,1.97,2.71046,1.583756,0.5843126,0.563352
3.62,2.3,2.745465,1.711272,0.6233085,0.5170967
14.43,6.11,5.113936,2.789174,0.5454066,1.162381
8.39,6.64,4.374562,2.90763,0.6646677,0.733466
5.55,3.1,3.318663,1.986717,0.5986497,0.6659731
9.98,3.83,4.193261,2.208282,0.5266263,0.9924896
9.07,4.19,4.108912,2.309735,0.562128,0.8995887
2.57,1.69,2.328948,1.466893,0.6298521,0.4310278
1.35,1.01,1.733449,1.134007,0.6541911,0.299721
6.79,3.08,3.544979,1.980297,0.5586203,0.7823408
3.06,2.06,2.553231,1.619529,0.6343057,0.4668509
1.44,0.8,1.688803,1.009253,0.5976143,0.3397751
2.49,0,1.780552,0,0,0.8902761
1.28,1.06,1.726088,1.161737,0.6730464,0.2821754
10.42,4.76,4.396337,2.461833,0.5599737,0.9672519
6.65,3.69,3.628402,2.167546,0.597383,0.730428
0.83,0.74,1.413855,0.9706684,0.6865403,0.2215933
2.35,1.62,2.24828,1.436192,0.6387961,0.4060437
8.26,7.73,4.512106,3.137219,0.6952893,0.6874435
2.39,0.88,2.040464,1.058513,0.5187612,0.4909753
2.24,2.01,2.326213,1.599754,0.6877072,0.3632299
1.73,0.97,1.854116,1.111325,0.5993824,0.3713958
12.99,5.6,4.865133,2.670233,0.5488508,1.09745
2.99,0,1.95115,0,0,0.975575
2.97,1.77,2.456655,1.501211,0.6110792,0.4777222
0.66,0.68,1.306193,0.9304853,0.7123641,0.187854
1.48,0.97,1.766193,1.111325,0.6292205,0.3274341
1.16,0.86,1.603728,1.046416,0.6524895,0.2786561
1.4,1.06,1.769794,1.161737,0.6564254,0.304028
12.03,7.84,5.029838,3.159462,0.6281439,0.9351879
2.8,1.89,2.443664,1.551265,0.634811,0.4461996
3.85,2.64,2.8746,1.833399,0.6377928,0.5206004
10.43,6.47,4.638722,2.870167,0.6187409,0.8842776
1.56,0.83,1.744432,1.028002,0.589305,0.3582147
2.42,1.97,2.364217,1.583756,0.6698859,0.3902307
4.81,2.37,3.023551,1.737118,0.574529,0.6432167
2.71,1.06,2.190916,1.161737,0.5302519,0.5145893
1.8,1,1.888139,1.128379,0.5976143,0.3798802
10.94,7.61,4.859896,3.112772,0.6405019,0.8735619
2.59,1.7,2.337135,1.471226,0.6295001,0.4329541
12.67,3.3,4.509283,2.049803,0.4545739,1.22974
1.43,1.1,1.794797,1.183454,0.6593804,0.3056715
1.84,1.38,2.024804,1.325545,0.6546537,0.3496293
5.96,2.4,3.262558,1.748078,0.5357997,0.7572401
3.25,2.13,2.617256,1.646815,0.6292144,0.4852204
3.36,1.94,2.597724,1.57165,0.6050106,0.5130368
1.83,1.34,2.009022,1.306193,0.6501638,0.3514143
4.64,2.63,3.042442,1.829924,0.6014655,0.606259
7.15,5.16,3.958987,2.563185,0.6474345,0.6979011
5.11,2.48,3.10868,1.776973,0.5716167,0.6658531
2.36,2.04,2.366908,1.611648,0.6809084,0.3776302
0.73,0.62,1.311058,0.8884866,0.6776866,0.2112858
2.46,2.22,2.441057,1.681247,0.6887372,0.3799052
10.26,5.93,4.540236,2.747783,0.605207,0.8962269
11.38,5.39,4.620847,2.619687,0.5669279,1.00058
3.45,1.01,2.382992,1.134007,0.4758754,0.6244923
2.71,1.66,2.358825,1.453815,0.61633,0.4525052
2.38,1.93,2.342576,1.567594,0.6691754,0.3874908
1.17,1.09,1.696326,1.178062,0.6944789,0.2591317
3.4,1.74,2.558213,1.488434,0.581826,0.534889
2.47,2.32,2.469578,1.718696,0.6959471,0.3754412
1.81,1.27,1.980297,1.271619,0.6421353,0.3543393
1.26,0.81,1.623455,1.015541,0.6255432,0.3039569
1.54,0.89,1.758969,1.064511,0.6051902,0.3472291
2.45,1.7,2.298683,1.471226,0.6400301,0.4137284
3.32,2.02,2.607508,1.603728,0.6150424,0.5018901
6.03,2.8,3.353014,1.888139,0.563117,0.7324375
2.19,1.25,2.092832,1.261566,0.6028035,0.4156327
1.24,0.88,1.642945,1.058513,0.6442781,0.2922157
3.69,2.27,2.754725,1.700075,0.6171487,0.5273249
1.33,0.68,1.599754,0.9304853,0.5816429,0.3346342
1.53,0.97,1.784124,1.111325,0.6228965,0.3363997
1.61,0.89,1.784124,1.064511,0.5966573,0.3598067
1.38,1.01,1.744432,1.134007,0.6500724,0.3052124
2.27,2.98,2.585442,1.947884,0.7534049,0.3187786
2.4,1.14,2.123033,1.204779,0.5674803,0.4591268
2.97,0.78,2.185097,0.9965575,0.4560702,0.5942696
3.28,2.06,2.607508,1.619529,0.6211021,0.4939897
2.91,2.38,2.595272,1.740779,0.67075,0.4272467
4.34,2.74,3.002422,1.8678,0.6220978,0.5673109
3.79,2.24,2.770854,1.688803,0.6094882,0.5410256
6.32,2.48,3.347314,1.776973,0.5308655,0.7851702
14,7.33,5.211353,3.054971,0.5862145,1.078191
6.98,8.8,4.482379,3.347314,0.7467717,0.5675327
4.81,2.57,3.065372,1.808929,0.5901173,0.6282215
1.48,1.21,1.85068,1.241217,0.6706818,0.3047312
1.23,1.17,1.748078,1.220529,0.698212,0.2637745
2.68,1.42,2.284794,1.344619,0.5885078,0.4700873
3.86,2.47,2.838945,1.773387,0.6246642,0.5327788
2.33,0.93,2.037342,1.088169,0.5341124,0.4745861
2.59,1.12,2.173412,1.194164,0.5494422,0.4896238
1.29,1.02,1.714988,1.139607,0.6644986,0.2876904
5.53,3.38,3.368169,2.0745,0.6159132,0.6468347
9.19,3.01,3.941259,1.957665,0.4967105,0.9917971
8.94,5.76,4.326271,2.70811,0.6259686,0.8090805
3.24,0,2.031082,0,0,1.015541
8.09,3.54,3.848087,2.123033,0.5517112,0.8625273
1.57,1.24,1.891508,1.25651,0.66429,0.3174992
2.93,1.7,2.427983,1.471226,0.6059461,0.4783781
5.71,6.76,3.984633,2.933786,0.7362751,0.5254234
1.49,0.99,1.776973,1.122723,0.6318177,0.3271251
7.41,3.41,3.711664,2.083686,0.5613886,0.8139892
4.14,2.45,2.896662,1.766193,0.6097339,0.5652345
11.68,5.43,4.667454,2.62939,0.5633456,1.019032
0.99,0.75,1.488434,0.977205,0.6565321,0.2556147
2.01,1.65,2.158716,1.449429,0.6714311,0.3546436
1.17,1.01,1.666032,1.134007,0.6806635,0.2660124
1.11,0.88,1.591775,1.058513,0.6649895,0.2666306
1.53,0.84,1.737118,1.034177,0.5953405,0.3514705
4.39,2.61,2.985411,1.822952,0.6106203,0.5812292
2.81,1.73,2.404269,1.484151,0.6172984,0.4600587
2.43,1.49,2.234077,1.377362,0.6165242,0.4283572
11.84,4.72,4.591824,2.451467,0.5338765,1.070179
0.99,0.82,1.518079,1.021791,0.6730815,0.2481441
2.89,1.97,2.487558,1.583756,0.6366708,0.4519011
2.41,1.34,2.185097,1.306193,0.5977737,0.4394517
0.95,1.17,1.642945,1.220529,0.7428908,0.2112081
9.04,3.4,3.979837,2.080628,0.5227924,0.9496042
1.07,0.64,1.475547,0.9027033,0.6117753,0.2864219
1.37,0.98,1.729772,1.117038,0.6457719,0.306367
2.99,1.36,2.353421,1.315905,0.5591456,0.5187581
1.35,1.08,1.758969,1.172646,0.6666667,0.2931615
5.39,2.84,3.237091,1.901578,0.5874342,0.6677565
5.36,2.25,3.112772,1.692569,0.5437496,0.7101018
1.31,1.07,1.740779,1.167204,0.6705072,0.286787
2.4,1.86,2.328948,1.538904,0.660772,0.3950222
1.16,0.79,1.575696,1.002925,0.6364968,0.2863852
7.74,5.12,4.046463,2.553231,0.6309784,0.746616
14.39,8.34,5.379659,3.258653,0.605736,1.060503
6.89,5.1,3.907191,2.548239,0.6521921,0.679476
2.49,1.5,2.253936,1.381977,0.6131393,0.4359795
0.02,0,0.1595769,0,0,0.07978845
1.82,1.11,1.931474,1.188821,0.6154994,0.3713264
1.31,0.97,1.703815,1.111325,0.6522566,0.2962452
6.56,3.05,3.497975,1.970629,0.5633629,0.7636729
1.85,1.28,1.996307,1.276615,0.6394886,0.3598456
0.98,0.76,1.488434,0.9836981,0.6608945,0.2523682
4.6,2.63,3.03406,1.829924,0.6031269,0.6020684
4.81,2.29,3.00666,1.707548,0.5679218,0.649556
3.04,1.65,2.443664,1.449429,0.5931377,0.4971174
1.28,0.88,1.658372,1.058513,0.6382847,0.2999292
2.19,1.33,2.117027,1.30131,0.6146877,0.4078583
2.91,2.05,2.51302,1.615593,0.6428891,0.4487134
10.58,2.9,4.142858,1.921561,0.4638249,1.110649
7.44,4.98,3.976636,2.518081,0.6332189,0.7292775
1.67,1.21,1.914923,1.241217,0.6481813,0.3368529
4.21,3.16,3.063295,2.005851,0.6548017,0.528722
9.44,4.49,4.21144,2.390992,0.5677375,0.9102236
10.09,5.53,4.459597,2.653491,0.5950069,0.9030528
2.92,1.29,2.315241,1.281592,0.5535461,0.5168241
2.67,2.06,2.454063,1.619529,0.6599378,0.417267
0.94,0.79,1.484151,1.002925,0.6757569,0.2406129
10.92,7.56,4.850718,3.10253,0.6396022,0.8740941
2.61,0.77,2.0745,0.9901487,0.4772951,0.5421756
1.35,1.01,1.733449,1.134007,0.6541911,0.299721
3.07,2.22,2.595272,1.681247,0.6478115,0.4570125
4.64,2.47,3.008776,1.773387,0.5894048,0.6176944
3.11,2.47,2.66546,1.773387,0.6653212,0.4460364
1.32,0.96,1.703815,1.105581,0.6488857,0.2991169
1.77,1,1.877997,1.128379,0.6008417,0.3748091
3.85,1.59,2.63181,1.422832,0.5406287,0.604489
1.91,1.11,1.960914,1.188821,0.6062587,0.3860464
3.07,2.03,2.548239,1.607693,0.6309035,0.4702731
1.31,0.74,1.615593,0.9706684,0.6008124,0.3224623
0.93,0.82,1.492705,1.021791,0.6845227,0.2354573
5.08,2.46,3.098423,1.769794,0.5711917,0.6643149
4.11,3.96,3.205471,2.245446,0.7005044,0.4800123
1.53,0.89,1.755346,1.064511,0.6064392,0.3454177
1.12,0.63,1.492705,0.8956232,0.6,0.2985411
1.43,0.91,1.726088,1.076405,0.6236096,0.3248415
3.03,1.82,2.484997,1.522267,0.6125829,0.4813653
0.96,0.72,1.462547,0.9574615,0.6546537,0.2525426
4.2,2.82,2.989672,1.894871,0.6338055,0.5474008
2.05,0.93,1.947884,1.088169,0.5586417,0.4298575
6.56,5.34,3.892499,2.607508,0.6698802,0.6424955
5.3,3.4,3.32824,2.080628,0.6251436,0.623806
3.59,2.08,2.68687,1.627372,0.6056756,0.529749
5.54,3.5,3.392652,2.111004,0.6222284,0.6408237
13.28,6.49,5.017165,2.8746,0.572953,1.071283
2.03,1.47,2.111004,1.368087,0.6480741,0.3714585
3.98,1.87,2.729185,1.543035,0.5653831,0.5930749
2.2,0.97,2.009022,1.111325,0.553167,0.4488487
1.69,0.9,1.815954,1.070474,0.5894831,0.37274
2.03,1.08,1.989918,1.172646,0.5892935,0.4086362
4.62,2.14,2.933786,1.650676,0.5626438,0.6415547
1.8,1.06,1.908262,1.161737,0.6087934,0.3732624
2,1.63,2.149851,1.440618,0.6701013,0.3546165
1.82,0.8,1.826441,1.009253,0.552579,0.4085941
1.13,0.77,1.555363,0.9901487,0.6366028,0.2826073
1.97,1.4,2.071429,1.335116,0.6445388,0.3681563
2.6,1.74,2.350715,1.488434,0.6331838,0.4311401
2.25,1.21,2.098907,1.241217,0.5913637,0.4288447
2.07,0.9,1.944613,1.070474,0.5504819,0.4370695
1.54,1.14,1.847236,1.204779,0.6522064,0.3212285
6.79,9.66,4.576548,3.507063,0.7663119,0.5347424
1.7,1.24,1.934767,1.25651,0.6494372,0.3391287
3.11,2.37,2.641468,1.737118,0.6576335,0.4521751
1.32,0.89,1.677456,1.064511,0.6345982,0.3064728
3.45,2.67,2.791456,1.843787,0.6605108,0.4738345
1.95,1.55,2.111004,1.404821,0.6654751,0.3530917
1.93,1.01,1.934767,1.134007,0.5861206,0.4003801
8.32,6,4.269987,2.763953,0.6472978,0.7530169
12.82,3.31,4.531816,2.052906,0.4529985,1.239455
2.25,1.35,2.140949,1.311058,0.6123725,0.4149453
1.28,0.93,1.677456,1.088169,0.6487021,0.2946434
1.44,0.78,1.681247,0.9965575,0.5927489,0.3423448
4.46,3.14,3.110727,1.999493,0.6427736,0.5556169
2.3,1.91,2.315241,1.559451,0.673559,0.3778948
2.48,1.77,2.326213,1.501211,0.6453453,0.4125013
2.89,2.37,2.587903,1.737118,0.6712453,0.4253926
1.9,1.07,1.944613,1.167204,0.6002244,0.3887045
1.11,0.87,1.58777,1.052482,0.662868,0.2676441
2.2,1.72,2.234077,1.479855,0.6624013,0.3771107
4.38,3.04,3.073668,1.967396,0.6400808,0.5531361
1.42,0.95,1.737118,1.099808,0.6331223,0.3186548
2.28,1.39,2.161664,1.330339,0.6154239,0.4156621
1.95,1.34,2.046695,1.306193,0.6381965,0.3702506
1.5,0.89,1.744432,1.064511,0.6102335,0.3399606
9.69,6.83,4.586275,2.948936,0.6429916,0.8186693
1.97,0.69,1.840331,0.9373021,0.5093118,0.4515143
1.01,0.9,1.559451,1.070474,0.6864431,0.2444883
3.48,1.97,2.634228,1.583756,0.601222,0.525236
1.62,0.94,1.805407,1.094004,0.60596,0.3557013
5.61,2.55,3.223295,1.801877,0.559017,0.7107092
2.1,0.87,1.944613,1.052482,0.5412294,0.4460657
1.29,1.05,1.726088,1.156245,0.6698641,0.2849218
3.04,2.18,2.578044,1.666032,0.6462387,0.4560061
1.33,0.91,1.688803,1.076405,0.6373774,0.3061991
1.07,0.74,1.518079,0.9706684,0.6394058,0.2737052
4.2,2.15,2.843426,1.654529,0.5818786,0.5944486
10.93,4.55,4.439566,2.406915,0.5421509,1.016326
1.7,1.14,1.901578,1.204779,0.633568,0.3483996
4.5,2.13,2.905439,1.646815,0.5668042,0.6293121
19.52,10.05,6.135934,3.577158,0.582985,1.279388
4.98,3.02,3.191538,1.960914,0.6144103,0.6153121
5.26,5.49,3.699639,2.643877,0.7146311,0.5278809
2.94,2.01,2.510485,1.599754,0.6372288,0.4553658
3.33,1.87,2.5731,1.543035,0.5996794,0.5150325
1.75,1.01,1.874604,1.134007,0.6049314,0.3702986
2.44,1.72,2.301451,1.479855,0.6430098,0.4107978
2.09,1,1.98351,1.128379,0.5688801,0.4275652
4.05,2.11,2.800563,1.639065,0.5852627,0.580749
5.49,4.65,3.593139,2.433221,0.6771852,0.5799592
1.36,1.04,1.748078,1.150725,0.6582806,0.298676
6.46,2.92,3.455863,1.928175,0.5579432,0.7638438
6.02,2.46,3.28589,1.769794,0.5386041,0.7580481
5.2,0,2.5731,0,0,1.28655
12.86,14.37,5.88815,4.277435,0.7264481,0.8053575
4.24,2.55,2.940289,1.801877,0.6128232,0.5692058
4.53,2.94,3.084007,1.934767,0.627355,0.5746199
13,6.57,4.991723,2.892263,0.5794117,1.04973
1.54,0.7,1.688803,0.9440697,0.559017,0.3723668
0.97,0.81,1.505445,1.015541,0.6745785,0.2449521
11.28,7.17,4.846779,3.021445,0.6233922,0.9126674
1.36,0.97,1.722396,1.111325,0.6452202,0.3055357
2.22,1.75,2.24828,1.492705,0.6639323,0.3777871
1.71,0.88,1.815954,1.058513,0.5828965,0.3787205
8.91,3.17,3.921828,2.009022,0.5122668,0.9564029
3.32,1.84,2.563185,1.530608,0.5971509,0.5162884
3.84,2.36,2.809641,1.733449,0.6169645,0.5380962
11.17,6.27,4.71225,2.825458,0.5995985,0.943396
1.36,1.06,1.755346,1.161737,0.6618282,0.2968043
1.65,0.92,1.808929,1.082303,0.5983115,0.3633131
2.58,1.97,2.406915,1.583756,0.6580023,0.4115797
3.28,2.84,2.791456,1.901578,0.6812139,0.4449387
1.72,1.06,1.881384,1.161737,0.6174909,0.3598233
8.36,2.63,3.740709,1.829924,0.4891917,0.9553927
9.12,4.11,4.104261,2.287578,0.5573667,0.9083413
1.16,0.96,1.642945,1.105581,0.6729266,0.2686818
2.03,1.42,2.095871,1.344619,0.6415561,0.3756261
2.39,1.93,2.345292,1.567594,0.6684005,0.3888488
1.87,1.4,2.040464,1.335116,0.6543199,0.3526738
1.82,1.26,1.980297,1.266603,0.6396022,0.3568474
4.59,2.15,2.929443,1.654529,0.564793,0.637457
8.18,7.1,4.410794,3.00666,0.6816595,0.7020671
1.98,1.7,2.164607,1.471226,0.6796739,0.3466901
2.38,1.92,2.339857,1.563528,0.6682153,0.3881644
4.76,1.94,2.920737,1.57165,0.5381006,0.6745433
0.69,0.51,1.236077,0.8058239,0.6519202,0.2151268
3.04,1.73,2.464417,1.484151,0.6022321,0.490133
3.53,2.19,2.69869,1.669849,0.6187626,0.5144209
1.61,1.62,2.027946,1.436192,0.7082005,0.2958768
2.12,1.55,2.161664,1.404821,0.6498795,0.3784214
1.28,1.11,1.744432,1.188821,0.6814948,0.2778053
8.6,4.49,4.082488,2.390992,0.5856705,0.8457476
0.81,0.62,1.349345,0.8884866,0.6584576,0.2304293
6.06,2.46,3.29363,1.769794,0.5373383,0.7619184
1.39,1,1.744432,1.128379,0.6468462,0.3080264
1.72,1.65,2.071429,1.449429,0.6997244,0.3109998
1.67,1.06,1.864388,1.161737,0.6231199,0.3513255
1.92,1.66,2.134994,1.453815,0.6809458,0.3405893
12.05,9.1,5.189318,3.403892,0.6559421,0.892713
1.48,1.28,1.874604,1.276615,0.6810052,0.2989945
2.18,1.09,2.040464,1.178062,0.5773503,0.4312007
3.15,1.76,2.500321,1.496964,0.5987087,0.5016785
5.67,2.83,3.289762,1.898228,0.5770106,0.6957673
3.72,2.42,2.796013,1.755346,0.6278031,0.5203336
2.72,1.88,2.420104,1.547156,0.6392931,0.436474
1.21,0.59,1.513879,0.8667244,0.5725188,0.3235775
3,1.74,2.456655,1.488434,0.6058784,0.4841104
1.01,0.85,1.538904,1.040314,0.6760098,0.2492949
1.91,0.97,1.914923,1.111325,0.5803496,0.4017991
2.31,1.19,2.111004,1.230916,0.5830952,0.4400439
1.66,1.39,1.970629,1.330339,0.6750835,0.320145
1.63,1.49,1.993115,1.377362,0.6910601,0.3078763
2.49,1.49,2.251109,1.377362,0.6118593,0.4368736
1.25,1.06,1.714988,1.161737,0.6774027,0.2766252
6.08,3.07,3.41323,1.97708,0.5792401,0.7180752
2.02,1.78,2.199616,1.505445,0.6844129,0.3470852
11.14,7.21,4.833627,3.029861,0.6268297,0.9018829
7.31,3.71,3.745811,2.173412,0.5802246,0.7861996
1.57,1.52,1.98351,1.391159,0.7013625,0.2961752
5.63,2.44,3.205471,1.762585,0.5498676,0.7214431
1.56,1.21,1.877997,1.241217,0.6609259,0.3183901
3.08,2.34,2.626968,1.726088,0.6570649,0.4504398
14.55,9.62,5.54745,3.499795,0.6308835,1.023828
2.23,1.77,2.256758,1.501211,0.6652067,0.3777737
1.17,0.67,1.530608,0.9236181,0.6034322,0.3034949
2.19,1.46,2.155766,1.363426,0.6324555,0.3961699
2.43,1.8,2.320733,1.513879,0.652328,0.4034269
12.15,6.94,4.930126,2.972589,0.6029437,0.9787688
3.03,2.67,2.693968,1.843787,0.684413,0.4250907
3.62,1.61,2.580512,1.431753,0.5548328,0.5743797
1.27,0.82,1.631279,1.021791,0.6263741,0.3047441
1.44,1.02,1.769794,1.139607,0.6439209,0.3150932
1.66,0.8,1.769794,1.009253,0.5702659,0.3802702
12.19,4.47,4.605667,2.385661,0.5179839,1.110003
1.47,1.37,1.901578,1.320734,0.6945461,0.2904223
1.66,1.39,1.970629,1.330339,0.6750835,0.320145
8.29,4.38,4.016459,2.361523,0.5879614,0.8274682
2.94,1.73,2.438448,1.484151,0.6086458,0.4771484
2.57,1.94,2.396312,1.57165,0.6558622,0.4123307
3.01,2,2.525655,1.595769,0.631824,0.4649428
3.83,3.47,3.048713,2.101938,0.6894509,0.4733876
2.99,2.04,2.53069,1.611648,0.6368411,0.4595214
1.38,1.12,1.784124,1.194164,0.669328,0.2949799
4.44,2.34,2.938123,1.726088,0.58748,0.6060172
2.17,1.47,2.15281,1.368087,0.6354889,0.3923616
6.68,3.53,3.60552,2.120032,0.5879961,0.7427442
3.36,2.14,2.646284,1.650676,0.6237715,0.4978036
10.75,7.01,4.755285,2.987542,0.6282573,0.8838712
9.71,5.12,4.345359,2.553231,0.5875764,0.8960642
2.74,0.77,2.114018,0.9901487,0.4683729,0.5619345
0.94,0.73,1.458187,0.9640876,0.6611549,0.2470498
1.22,1.03,1.692569,1.14518,0.6765928,0.2736945
2.87,2.37,2.582978,1.737118,0.6725252,0.4229302
1.58,1.07,1.836868,1.167204,0.6354318,0.3348319
12.53,4.11,4.602902,2.287578,0.4969861,1.157662
5.31,2.95,3.242986,1.938055,0.5976143,0.6524656
8.41,3.33,3.866243,2.059099,0.532584,0.903572
1.44,1.37,1.891508,1.320734,0.6982438,0.2853872
6.68,2.67,3.450332,1.843787,0.5343795,0.8032725
9.84,4.34,4.249063,2.350715,0.5532313,0.9491742
12.4,8.05,5.10272,3.201496,0.6274098,0.9506117
4.43,2.98,3.071596,1.947884,0.6341603,0.561856
1.03,0.72,1.492705,0.9574615,0.641427,0.2676219
2.97,1.94,2.500321,1.57165,0.6285794,0.4643354
2.7,1.09,2.19672,1.178062,0.5362825,0.5093287
1.34,1.04,1.740779,1.150725,0.6610407,0.2950265
1.05,0.73,1.505445,0.9640876,0.6404002,0.2706789
10,4.97,4.365821,2.515552,0.5761921,0.9251349
8.78,3.45,3.946102,2.095871,0.5311245,0.9251152
1.29,0.97,1.696326,1.111325,0.6551363,0.2925006
2.21,1.5,2.173412,1.381977,0.6358559,0.3957176
2.16,1.23,2.077566,1.251433,0.6023552,0.4130667
1.23,1.14,1.737118,1.204779,0.6935508,0.2661692
2.74,2.06,2.472155,1.619529,0.6551082,0.426313
12.43,7.38,5.022238,3.065372,0.6103598,0.9784329
2.67,1.44,2.287578,1.354055,0.5919164,0.4667616
5.62,2.97,3.307133,1.944613,0.5880058,0.6812598
2.52,1.84,2.356125,1.530608,0.6496294,0.4127585
2.51,1.52,2.265205,1.391159,0.6141427,0.437023
2.21,2.02,2.320733,1.603728,0.6910437,0.3585026
1.91,1.57,2.104964,1.413855,0.6716766,0.3455545
2.41,2.95,2.612387,1.938055,0.7418714,0.3371659
2.91,1.24,2.298683,1.25651,0.5466216,0.5210866
2.87,1.96,2.479868,1.579731,0.6370221,0.4500688
1.27,0.76,1.607693,0.9836981,0.6118695,0.3119974
1.51,1.1,1.822952,1.183454,0.6491963,0.3197492
13.2,9.12,5.33092,3.40763,0.6392199,0.9616448
11.6,6.59,4.812508,2.896662,0.6019028,0.9579229
2,1.3,2.049803,1.28655,0.6276459,0.3816262
1.15,0.76,1.559451,0.9836981,0.6307977,0.2878764
1.48,1.03,1.787689,1.14518,0.6405923,0.3212546
1.17,1.04,1.677456,1.150725,0.6859943,0.2633654
2,1.22,2.024804,1.246336,0.6155339,0.3892343
12.59,9.7,5.327336,3.514317,0.6596762,0.9065096
7.45,3.16,3.675469,2.005851,0.5457401,0.8348091
3.26,2.37,2.677375,1.737118,0.6488137,0.4701288
4.31,1.22,2.653491,1.246336,0.4696965,0.7035778
10.15,2.25,3.973433,1.692569,0.4259714,1.140432
2.51,1.27,2.19382,1.271619,0.5796368,0.4611005
5.73,2.48,3.233156,1.776973,0.5496095,0.7280912
10.07,2.99,4.077807,1.95115,0.4784802,1.063329
1.68,1.14,1.894871,1.204779,0.6358108,0.3450457
2.1,1.03,1.996306,1.14518,0.5736493,0.4255633
7.71,4.04,3.867889,2.268014,0.58637,0.7999375
10.55,7.45,4.787307,3.079876,0.643342,0.8537158
8.07,3.98,3.916955,2.251109,0.574709,0.8329228
5.42,2.21,3.11686,1.677456,0.5381878,0.7197021
1.38,1.18,1.805407,1.225734,0.6789238,0.2898366
7.88,2.77,3.682391,1.877997,0.509994,0.9021967
0.92,1.14,1.619529,1.204779,0.7439073,0.2073748
1.07,0.65,1.479855,0.9097283,0.6147414,0.2850635
1.51,1.24,1.871205,1.25651,0.6714976,0.3073477
1.86,1.89,2.185097,1.551265,0.7099296,0.3169159
1.98,1.56,2.123033,1.409345,0.6638358,0.3568438
0.97,0.68,1.449429,0.9304853,0.6419667,0.259472
1.61,1.12,1.864388,1.194164,0.6405126,0.335112
2.76,0.77,2.120032,0.9901487,0.4670442,0.5649416
1.53,1.15,1.847236,1.210052,0.6550606,0.3185923
2.01,1.45,2.098907,1.358748,0.6473601,0.370079
2.12,1.95,2.276419,1.575696,0.6921817,0.3503617
2.31,2.45,2.461833,1.766193,0.7174301,0.34782
3.62,2.48,2.786891,1.776973,0.6376185,0.5049589
0.99,0.81,1.513879,1.015541,0.6708204,0.2491691
1.64,0.9,1.79834,1.070474,0.5952568,0.363933
1.78,1.17,1.938055,1.220529,0.6297699,0.3587631
1.21,0.68,1.551265,0.9304853,0.5998236,0.3103898
1.17,0.75,1.563528,0.977205,0.625,0.2931615
2.66,1.24,2.22837,1.25651,0.5638694,0.4859303
1.35,1.27,1.826441,1.271619,0.6962276,0.2774112
1.06,0.84,1.555363,1.034177,0.66491,0.2605934
3.64,2.43,2.78003,1.758969,0.6327159,0.5105302
2.2,1.74,2.239769,1.488434,0.6645483,0.3756672
3.2,1.82,2.528174,1.522267,0.6021211,0.5029535
0.79,0.72,1.386576,0.9574615,0.6905224,0.2145571
2.82,1.3,2.290359,1.28655,0.5617241,0.5019047
2.73,1.39,2.290359,1.330339,0.5808431,0.48001
4.47,0.01,2.388329,0.1128379,0.04724556,1.137745
3.09,1.65,2.456655,1.449429,0.5900011,0.503613
3.64,2.62,2.823204,1.826441,0.6469392,0.4983813
1.25,0.97,1.681247,1.111325,0.6610121,0.2849612
1.97,1.77,2.182181,1.501211,0.6879404,0.3404853
6.99,3.94,3.730484,2.239769,0.6003963,0.7453575
1.78,1.17,1.938055,1.220529,0.6297699,0.3587631
1.83,2.12,2.242609,1.642945,0.7326041,0.2998322
6.49,2.79,3.437392,1.884765,0.5483125,0.7763135
2.28,0,1.703815,0,0,0.8519076
1.91,1.12,1.964158,1.194164,0.6079777,0.3849968
2.17,2.06,2.320733,1.619529,0.6978522,0.3506023
2.87,1.7,2.412199,1.471226,0.6099109,0.4704863
2.1,1.01,1.989918,1.134007,0.5698762,0.4279556
1.85,0.97,1.894871,1.111325,0.586491,0.3917731
3,2.1,2.548239,1.635177,0.6416889,0.4565312
1.67,1.18,1.904923,1.225734,0.6434556,0.3395949
9.59,2.67,3.950939,1.843787,0.4666706,1.053576
2.1,1.24,2.062188,1.25651,0.6093091,0.4028391
7.92,2.77,3.6893,1.877997,0.509039,0.9056512
7.05,2.51,3.488864,1.787689,0.5123986,0.8505874
3.91,2.24,2.798289,1.688803,0.6035128,0.554743
3.39,1.34,2.454063,1.306193,0.5322576,0.5739347
1.48,1.19,1.843787,1.230916,0.6676023,0.3064352
9.67,5.24,4.357063,2.582978,0.5928255,0.8870426
2.8,2.76,2.660679,1.874604,0.7045586,0.3930373
1.25,1.5,1.871205,1.381977,0.7385489,0.2446143
6.92,3.28,3.603754,2.043581,0.5670702,0.7800863
6.66,2.91,3.490688,1.924871,0.5514302,0.7829086
13.07,7.38,5.10272,3.065372,0.600733,1.018674
9.57,5.59,4.39344,2.667847,0.6072343,0.8627962
1.17,0.9,1.623455,1.070474,0.6593804,0.2764903
5.53,2.81,3.258653,1.891508,0.5804571,0.6835724
4.72,2.26,2.981143,1.696326,0.5690187,0.6424085
2.38,0.01,1.744432,0.1128379,0.06468462,0.815797
1.69,1.27,1.941337,1.271619,0.6550222,0.3348591
1.57,0.96,1.794797,1.105581,0.6159924,0.3446078
2.68,1.49,2.304215,1.377362,0.5977576,0.4634266
2.18,0.96,1.999493,1.105581,0.5529308,0.4469559
3.21,2.15,2.612387,1.654529,0.6333399,0.478929
3.03,2.18,2.575573,1.666032,0.6468586,0.4547708
3.28,2.4,2.689238,1.748078,0.650027,0.4705803
8.28,2.55,3.713379,1.801877,0.4852392,0.9557511
2.35,1.95,2.339857,1.575696,0.6734154,0.3820806
8.39,3.45,3.882674,2.095871,0.539801,0.8934013
0.99,0.76,1.492705,0.9836981,0.6590036,0.2545036
1.53,1.22,1.871205,1.246336,0.6660603,0.3124349
3.21,2,2.575573,1.595769,0.6195782,0.4899022
3.78,2.13,2.743145,1.646815,0.6003383,0.548165
7.07,2.94,3.570032,1.934767,0.5419468,0.8176323
10.6,5.6,4.541639,2.670233,0.5879447,0.9357032
10.07,5.93,4.513516,2.747783,0.6087898,0.8828669
4.42,2.49,2.966157,1.780552,0.6002893,0.5928022
1.02,0.69,1.475547,0.9373021,0.6352234,0.2691225
4.33,0.01,2.350715,0.1128379,0.04800154,1.118938
0.88,0.68,1.409345,0.9304853,0.6602253,0.2394299
1.76,1,1.874604,1.128379,0.6019292,0.3731126
4.26,3.72,3.187546,2.176339,0.682763,0.5056038
11.7,7.17,4.901635,3.021445,0.6164156,0.9400953
2.83,1.76,2.417472,1.496964,0.6192272,0.4602538
8.87,3.55,3.976636,2.126029,0.5346301,0.9253035
4.7,2.33,2.991801,1.722396,0.5757054,0.6347025
1.78,1.2,1.947884,1.236077,0.6345743,0.3559035
2.01,0.85,1.908262,1.040314,0.5451631,0.4339741
1.42,1.16,1.812445,1.215302,0.6705315,0.2985719
1.18,0.85,1.607693,1.040314,0.6470852,0.2836893
2.6,1.53,2.293138,1.395728,0.6086543,0.4487048
1.12,0.81,1.567594,1.015541,0.6478342,0.2760266
1.79,1.43,2.024804,1.349345,0.6664079,0.3377293
13.85,4.78,4.870365,2.466999,0.5065328,1.201683
1.03,0.8,1.526443,1.009253,0.6611797,0.258595
1.34,0.8,1.650676,1.009253,0.6114178,0.3207117
1.59,1.36,1.938055,1.315905,0.6789823,0.311075
1.34,0.91,1.692569,1.076405,0.6359595,0.3080818
1.1,0.61,1.475547,0.8812923,0.5972647,0.2971275
1.15,0.91,1.619529,1.076405,0.664641,0.2715618
1.4,0.92,1.718696,1.082303,0.6297235,0.3181963
1.59,1.06,1.836868,1.161737,0.6324555,0.3375654
3.24,1.83,2.540733,1.526443,0.6007885,0.507145
1.78,1.13,1.924871,1.199484,0.6231502,0.3626935
2.82,2.37,2.570625,1.737118,0.6757569,0.4167537
17.15,9.26,5.798815,3.433686,0.5921358,1.182564
1.46,1.04,1.784124,1.150725,0.6449806,0.3166993
1.32,0.71,1.607693,0.9507892,0.5913997,0.3284518
2.45,1.42,2.219783,1.344619,0.6057434,0.4375821
4.04,2.67,2.922916,1.843787,0.6308039,0.5395645
2.66,2.02,2.441057,1.603728,0.6569809,0.4186647
1.68,1.24,1.928175,1.25651,0.6516575,0.3358327
2.29,1.62,2.231225,1.436192,0.6436787,0.3975165
2.01,1.73,2.182181,1.484151,0.6801227,0.3490151
7,3.19,3.601987,2.01535,0.5595105,0.7933187
2.71,1.45,2.301451,1.358748,0.5903878,0.4713513
2.73,2.33,2.538226,1.722396,0.6785825,0.4079151
7.99,4.77,4.030699,2.464417,0.6114118,0.783141
1.17,0.73,1.555363,0.9640876,0.6198472,0.2956378
1.24,1.22,1.769794,1.246336,0.7042265,0.261729
16.37,7.62,5.526755,3.114817,0.5635888,1.205969
1.89,1.08,1.944613,1.172646,0.6030227,0.3859837
4.32,2.35,2.914191,1.729772,0.5935687,0.5922092
4.23,2.01,2.81869,1.599754,0.5675521,0.6094683
1.24,0.88,1.642945,1.058513,0.6442781,0.2922157
2.62,1.97,2.417472,1.583756,0.655129,0.416858
13,6.69,5.007004,2.918557,0.5828949,1.044224
1.35,0.86,1.677456,1.046416,0.6238111,0.3155202
3.83,2.85,2.916374,1.904923,0.653182,0.5057256
1.01,0.91,1.563528,1.076405,0.6884463,0.2435614
8.76,3.87,4.010114,2.219783,0.5535461,0.8951656
2.45,1.74,2.309735,1.488434,0.6444179,0.4106501
2.99,1.82,2.474729,1.522267,0.6151246,0.476231
2.05,1.52,2.13201,1.391159,0.6525108,0.3704251
2.22,1.56,2.19382,1.409345,0.6424161,0.3922373
4.22,2.34,2.890061,1.726088,0.5972498,0.5819862
1.6,1.14,1.8678,1.204779,0.6450259,0.3315103
2.27,1.88,2.298683,1.547156,0.6730617,0.3757638
1.18,0.73,1.559451,0.9640876,0.6182225,0.2976817
2.49,1.99,2.388329,1.591775,0.6664806,0.3982769
0.94,0.67,1.431753,0.9236181,0.6450961,0.2540673
2.09,1.97,2.273621,1.583756,0.6965785,0.3449327
1.37,1.06,1.758969,1.161737,0.660465,0.2986158
5.07,2.07,3.015117,1.623455,0.5384384,0.6958311
0.98,0.79,1.501211,1.002925,0.6680776,0.2491427
1.69,1.39,1.980297,1.330339,0.6717877,0.3249789
1.32,0.84,1.658372,1.034177,0.6236095,0.3120977
2.41,0.83,2.031082,1.028002,0.5061352,0.50154
1.22,0.84,1.619529,1.034177,0.6385664,0.2926761
2.88,1.27,2.298683,1.271619,0.5531944,0.5135322
2.42,0,1.755346,0,0,0.877673
3.76,2.59,2.843426,1.815954,0.6386502,0.5137357
6.67,2.49,3.415095,1.780552,0.5213771,0.8172714
2.86,0.64,2.111004,0.9027033,0.427618,0.6041504
3.61,2.34,2.752413,1.726088,0.6271182,0.5131622
2.99,1.23,2.317989,1.251433,0.5398788,0.5332778
4.65,1.59,2.81869,1.422832,0.5047848,0.6979291
2.45,1.16,2.14392,1.215302,0.5668594,0.4643095
1.12,0.67,1.509668,0.9236181,0.611802,0.2930252
1,0.73,1.484151,0.9640876,0.6495886,0.2600318
5.45,3.96,3.461385,2.245446,0.6487133,0.6079693
1.61,0.88,1.780552,1.058513,0.594486,0.3610194
2.64,1.54,2.306977,1.400282,0.6069769,0.4533476
9.59,6.49,4.524786,2.8746,0.6353007,0.8250933
2.32,1.23,2.126029,1.251433,0.5886245,0.4372981
3.25,2.44,2.691604,1.762585,0.6548454,0.4645098
7.83,3.43,3.786381,2.089787,0.5519222,0.8482965
11.9,8.52,5.098976,3.29363,0.6459396,0.9026726
1.32,0.87,1.669849,1.052482,0.6302859,0.3086833
9.94,6.29,4.545842,2.829961,0.6225383,0.8579406
1.79,1.48,2.040464,1.372733,0.6727551,0.3338657
3.91,1.57,2.641468,1.413855,0.5352536,0.6138064
10.07,5.94,4.514927,2.750099,0.6091126,0.8824141
10.1,4.23,4.271478,2.320733,0.5433092,0.9753722
1.99,1.81,2.199616,1.518079,0.6901563,0.3407685
2.3,0.79,1.98351,1.002925,0.5056317,0.4902921
2.1,1.15,2.034214,1.210052,0.5948496,0.4120814
3.03,1.97,2.523133,1.583756,0.6276942,0.4696885
1.8,1.28,1.980297,1.276615,0.6446584,0.351841
5.43,2.75,3.227243,1.871205,0.5798153,0.6780191
6.21,3.17,3.455863,2.009022,0.5813373,0.7234204
8.74,4.06,4.037012,2.273621,0.5631941,0.8816953
1.55,1.4,1.938055,1.335116,0.688895,0.3014693
8.55,3.95,3.989423,2.242609,0.5621388,0.8734068
1.66,1.46,1.993115,1.363426,0.6840678,0.3148446
2.18,1.72,2.22837,1.479855,0.6640976,0.3742575
4.26,1.98,2.81869,1.58777,0.5633007,0.61546
2.3,1.55,2.21404,1.404821,0.6345056,0.4046096
3.54,2.63,2.802836,1.829924,0.6528829,0.4864561
6.77,3.62,3.637163,2.146888,0.5902643,0.7451378
1.33,1.15,1.776973,1.210052,0.6809623,0.2834607
1.55,0.81,1.733449,1.015541,0.5858501,0.3589538
1.35,1.07,1.755346,1.167204,0.6649427,0.2940708
3.59,2.14,2.701048,1.650676,0.6111244,0.5251859
9.22,7.02,4.547242,2.989672,0.6574694,0.7787849
1.33,0.9,1.685029,1.070474,0.6352853,0.3072775
3.69,2.48,2.802836,1.776973,0.6339912,0.5129312
12.2,6.42,4.869057,2.859056,0.5871887,1.005001
3.56,3.02,2.894463,1.960914,0.6774707,0.4667746
3.34,0,2.062188,0,0,1.031094
0.41,0.49,1.070474,0.7898654,0.7378649,0.1403045
3.44,2.59,2.770854,1.815954,0.655377,0.47745
5.82,2.86,3.324413,1.908262,0.5740148,0.7080752
1.01,0.79,1.513879,1.002925,0.662487,0.255477
3.1,1.91,2.525654,1.559451,0.6174443,0.4831017
2.98,2.38,2.612387,1.740779,0.6663556,0.4358041
1.96,1.03,1.95115,1.14518,0.5869255,0.4029852
1.63,1.04,1.843787,1.150725,0.6241098,0.3465307
2.71,1.85,2.409559,1.534762,0.6369472,0.4373984
3.05,1.97,2.528174,1.583756,0.6264426,0.472209
8.51,2.93,3.816525,1.931474,0.5060819,0.9425253
3.97,2.46,2.861281,1.769794,0.6185318,0.5457439
1.02,0.73,1.492705,0.9640876,0.645866,0.2643089
7.23,5.03,3.950939,2.530691,0.640529,0.710124
1.76,1.85,2.14392,1.534762,0.7158669,0.3045794
5.84,2.77,3.310981,1.877997,0.5672027,0.7164918
4.83,2.67,3.090194,1.843787,0.5966574,0.6232033
14.28,8.35,5.367813,3.260606,0.6074366,1.053603
10.42,7.38,4.760637,3.065372,0.6438997,0.8476322
1.94,1.31,2.034214,1.291489,0.6348834,0.3713627
4.64,2.33,2.979007,1.722396,0.578178,0.6283053
13.4,9.71,5.424441,3.516128,0.6482009,0.9541566
1.67,1.89,2.129021,1.551265,0.7286281,0.2888783
7.13,3.29,3.642411,2.046695,0.5619066,0.7978581
8.98,6.15,4.38909,2.798289,0.6375557,0.7954004
5.5,2.38,3.167511,1.740779,0.549573,0.7133663
9.01,4.39,4.130546,2.364217,0.572374,0.8831644
2.19,1.58,2.190916,1.418351,0.6473778,0.3862827
2.14,1.84,2.251109,1.530608,0.679935,0.3602507
2.42,1.89,2.342576,1.551265,0.6622047,0.3956556
3.48,2.29,2.71046,1.707548,0.6299845,0.5014561
0.85,0.58,1.349345,0.8593479,0.6368629,0.2449986
2.55,2.34,2.495224,1.726088,0.6917569,0.3845677
5.59,2.77,3.262558,1.877997,0.5756212,0.6922802
2.02,1.43,2.095871,1.349345,0.6438111,0.373263
1.69,1.33,1.960914,1.30131,0.6636244,0.3298018
1.54,1.31,1.904923,1.291489,0.6779743,0.3067172
9.44,6.33,4.480958,2.838945,0.6335574,0.8210069
2.18,1.68,2.216913,1.462547,0.659722,0.3771834
6.75,3.23,3.564678,2.027946,0.5689001,0.7683662
2.15,1.21,2.068353,1.241217,0.6000992,0.413568
2.06,1.62,2.164607,1.436192,0.6634887,0.3642072
3.74,2.43,2.802836,1.758969,0.6275676,0.5219333
2.27,1.39,2.158716,1.330339,0.6162641,0.4141885
2.3,1.25,2.126029,1.261566,0.5933908,0.4322315
3.62,2.12,2.703404,1.642945,0.6077318,0.5302298
2.22,1.49,2.173412,1.377362,0.6337327,0.3980248
1.93,1.07,1.95441,1.167204,0.5972158,0.3936028
13.42,7.56,5.16842,3.10253,0.6002859,1.032945
2.89,1.31,2.312489,1.291489,0.5584844,0.5105
9.29,4.3,4.159727,2.339857,0.5625026,0.9099349
2.16,1.29,2.095871,1.281592,0.6114843,0.4071394
1,0.75,1.492705,0.977205,0.6546537,0.2577502
3.25,1.73,2.518081,1.484151,0.5893977,0.516965
8.97,6.25,4.402125,2.820948,0.640815,0.7905887
1.25,0.75,1.595769,0.977205,0.6123725,0.309282
1.95,1.16,1.989918,1.215302,0.6107293,0.3873084
2.48,1.35,2.208282,1.311058,0.5937006,0.4486117
3.93,2.42,2.843426,1.755346,0.6173349,0.54404
8.55,4.12,4.016459,2.290359,0.5702435,0.8630497
2.38,2.31,2.443664,1.714988,0.70181,0.3643381
2,1.45,2.095871,1.358748,0.6482977,0.3685614
7.61,5.64,4.107362,2.679752,0.6524265,0.7138051
4.67,2.65,3.052886,1.836868,0.6016825,0.608009
1.23,1.04,1.700075,1.150725,0.6768676,0.2746746
2.57,1.83,2.366908,1.526443,0.6449102,0.4202325
3.12,3,2.791456,1.95441,0.7001401,0.4185228
1.73,1.16,1.918245,1.215302,0.6335488,0.3514715
14.6,9.92,5.587471,3.553946,0.6360564,1.016762
2.04,1.35,2.077566,1.311058,0.6310548,0.3832541
5.23,2.97,3.231186,1.944613,0.6018265,0.6432863
11.38,5.62,4.652427,2.674997,0.574968,0.9887151
4.23,3.25,3.086071,2.034214,0.6591601,0.525928
3.65,0.7,2.353421,0.9440697,0.4011478,0.7046757
12.26,7.97,5.075198,3.185548,0.6276698,0.9448249
4.3,2.45,2.931615,1.766193,0.6024641,0.5827112
7.36,4.42,3.872824,2.372281,0.6125457,0.7502712
6.42,2.63,3.394528,1.829924,0.5390804,0.7823021
1.43,1.01,1.762585,1.134007,0.6433774,0.3142888
12,7.42,4.972556,3.073668,0.6181265,0.9494438
4.18,2.25,2.861281,1.692569,0.5915423,0.5843562
1.46,1.71,2.009022,1.475547,0.7344605,0.2667374
2.21,1.25,2.098907,1.261566,0.6010588,0.4186701
2.76,2.26,2.528174,1.696326,0.6709688,0.415924
4.66,2.45,3.008776,1.766193,0.5870137,0.6212916
2.88,0,1.914923,0,0,0.9574615
10.46,5.02,4.439566,2.528174,0.5694641,0.9556962
10.09,4.91,4.370193,2.500321,0.5721306,0.9349362
3.16,1,2.301451,1.128379,0.4902903,0.5865359
1.46,0.93,1.744432,1.088169,0.6237959,0.3281312
1.8,1.45,2.034214,1.358748,0.6679475,0.337733
2.64,1.95,2.417472,1.575696,0.6517949,0.4208879
7.67,2.87,3.663324,1.911596,0.5218199,0.8758644
3.99,2.51,2.876814,1.787689,0.6214128,0.5445624
8.87,4.17,4.074683,2.304215,0.5654956,0.8852339
8.07,3.27,3.799808,2.040464,0.5369914,0.8796718
1.23,1.16,1.744432,1.215302,0.6966747,0.2645652
5.01,2.23,3.036158,1.685029,0.5549874,0.6755642
1.92,1.26,2.012188,1.266603,0.6294652,0.3727928
2.37,1.92,2.337135,1.563528,0.6689936,0.3868033
12.24,8.47,5.135055,3.283952,0.6395164,0.9255517
1.38,0.78,1.658372,0.9965575,0.6009253,0.3309072
2.14,2.26,2.366908,1.696326,0.7166843,0.3352911
2.28,0,1.703815,0,0,0.8519076
0.91,0.85,1.496964,1.040314,0.6949493,0.2283249
2.72,1.96,2.441057,1.579731,0.6471502,0.4306633
8.8,4.95,4.184142,2.510485,0.6,0.8368285
6.21,3.14,3.450332,1.999493,0.5795074,0.7254195
1.1,0.9,1.595769,1.070474,0.6708204,0.2626473
1.55,1.47,1.960914,1.368087,0.6976783,0.2964134
5.49,4.28,3.526975,2.334409,0.6618729,0.596283
1.9,1.58,2.104964,1.418351,0.6738123,0.3433067
1.17,0.72,1.551265,0.9574615,0.6172134,0.2969017
6.14,2.97,3.405761,1.944613,0.5709776,0.730574
1.82,1.21,1.964158,1.241217,0.6319335,0.3614703
2.08,1.31,2.077566,1.291489,0.6216355,0.3930387
1.49,0.92,1.751716,1.082303,0.6178533,0.3347061
3.07,1.91,2.518081,1.559451,0.6193013,0.4793151
2.09,1.2,2.046695,1.236077,0.6039384,0.4053085
1.02,0.74,1.496964,0.9706684,0.6484247,0.2631478
1.34,1.01,1.729772,1.134007,0.6555816,0.2978827
7.42,2.7,3.589594,1.854116,0.5165253,0.8677388
0.99,0.57,1.409345,0.8519076,0.6044705,0.2787188
0.99,0.72,1.475547,0.9574615,0.6488857,0.2590429
8.05,4.51,3.998986,2.396312,0.5992299,0.8013371
2.89,2.3,2.570625,1.711272,0.6657025,0.4296767
9.88,3.18,4.077807,2.012188,0.4934487,1.032809
2.51,2.39,2.497774,1.744432,0.6983946,0.376671
8.46,4.28,4.027539,2.334409,0.5796117,0.8465651
2.04,1.07,1.989918,1.167204,0.586559,0.4113569
3.36,2.35,2.696331,1.729772,0.6415283,0.483279
2.68,1.67,2.353421,1.458187,0.6196032,0.447617
2.58,0.69,2.040464,0.9373021,0.4593574,0.5515809
1.43,0.96,1.744432,1.105581,0.6337773,0.3194253
2.67,1.71,2.361523,1.475547,0.6248287,0.4429877
2.29,1.03,2.056005,1.14518,0.5569928,0.4554125
11.1,8.7,5.02097,3.32824,0.662868,0.846365
2.98,2.36,2.607508,1.733449,0.6647913,0.4370297
11.41,9.25,5.128852,3.431831,0.6691226,0.8485105
2.54,1.57,2.287578,1.413855,0.6180575,0.4368616
3.78,2.25,2.770854,1.692569,0.6108472,0.5391428
8.54,4.3,4.043315,2.339857,0.5786977,0.851729
1.74,1.12,1.908262,1.194164,0.6257862,0.357049
11.37,5.51,4.635977,2.648688,0.5713333,0.9936445
3.83,2.62,2.865728,1.826441,0.6373394,0.5196432
5.03,2.97,3.191538,1.944613,0.6093029,0.6234623
1.74,1.2,1.934767,1.236077,0.6388766,0.3493449
0.97,0.88,1.534762,1.058513,0.6896924,0.2381241
4.42,2.61,2.991801,1.822952,0.609316,0.5844244
1.48,1,1.776973,1.128379,0.6350006,0.3242971
10.19,3.4,4.159727,2.080628,0.5001839,1.039549
1.87,1.15,1.960914,1.210052,0.6170856,0.3754311
1.6,1.1,1.854116,1.183454,0.6382847,0.3353311
9.26,2.79,3.916955,1.884765,0.4811811,1.016095
6.73,3.5,3.60905,2.111004,0.5849196,0.7490228
2.7,1.76,2.382992,1.496964,0.6281869,0.4430137
0.99,0.73,1.479855,0.9640876,0.6514742,0.2578839
1.59,0.76,1.729772,0.9836981,0.5686864,0.3730372
5.7,3.5,3.422543,2.111004,0.616794,0.6557696
1.83,1.27,1.986717,1.271619,0.6400605,0.3575489
14.35,4.67,4.921079,2.438448,0.4955109,1.241315
5.39,2.89,3.24691,1.918245,0.5907909,0.6643326
3.01,2.07,2.543237,1.623455,0.6383418,0.4598913
1.47,1.06,1.794797,1.161737,0.6472807,0.3165298
2.65,0,1.836868,0,0,0.9184341
4.67,2.68,3.059136,1.847236,0.6038426,0.6059497
2.53,1.35,2.222649,1.311058,0.5898628,0.4557956
1.95,1.04,1.95115,1.150725,0.5897678,0.4002123
1.99,1.18,2.009022,1.225734,0.6101145,0.3916442
1.45,1.07,1.791246,1.167204,0.6516158,0.312021
1.3,0.81,1.639065,1.015541,0.6195855,0.3117621
